retriever,method,samples,right_rank,mean_answer_rank,mean_trap_rank,recall@3,violation_rate@3,recall_minus_violation@3,recall@5,violation_rate@5,recall_minus_violation@5,recall@7,violation_rate@7,recall_minus_violation@7,recall@9,violation_rate@9,recall_minus_violation@9,avg_recall_minus_violation,alpha,beta,candidate_top_n
bge-m3,baseline,1000,0.671,38.269,60.897,0.924,0.82,0.10400000000000009,0.94,0.878,0.061999999999999944,0.945,0.897,0.04799999999999993,0.955,0.909,0.04599999999999993,0.06499999999999997,,,
bge-m3,score_anti_rrf_c5_a0_b0.3,1000,0.666,38.394,61.162,0.896,0.73,0.16600000000000004,0.94,0.878,0.061999999999999944,0.945,0.897,0.04799999999999993,0.955,0.909,0.04599999999999993,0.08049999999999996,0.0,0.3,5
bge-m3,score_anti_rrf_c5_a0_b0.5,1000,0.738,38.322,61.489,0.901,0.648,0.253,0.94,0.878,0.061999999999999944,0.945,0.897,0.04799999999999993,0.955,0.909,0.04599999999999993,0.10224999999999995,0.0,0.5,5
bge-m3,score_anti_rrf_c5_a0_b0.75,1000,0.837,38.24,62.04,0.906,0.505,0.401,0.94,0.878,0.061999999999999944,0.945,0.897,0.04799999999999993,0.955,0.909,0.04599999999999993,0.13924999999999996,0.0,0.75,5
bge-m3,score_anti_rrf_c5_a0_b1,1000,0.903,38.232,62.677,0.908,0.304,0.6040000000000001,0.94,0.878,0.061999999999999944,0.945,0.897,0.04799999999999993,0.955,0.909,0.04599999999999993,0.18999999999999997,0.0,1.0,5
bge-m3,score_anti_rrf_c5_a0.25_b0.3,1000,0.685,38.29,61.073,0.913,0.765,0.14800000000000002,0.94,0.878,0.061999999999999944,0.945,0.897,0.04799999999999993,0.955,0.909,0.04599999999999993,0.07599999999999996,0.25,0.3,5
bge-m3,score_anti_rrf_c5_a0.25_b0.5,1000,0.757,38.205,61.342,0.92,0.696,0.2240000000000001,0.94,0.878,0.061999999999999944,0.945,0.897,0.04799999999999993,0.955,0.909,0.04599999999999993,0.09499999999999997,0.25,0.5,5
bge-m3,score_anti_rrf_c5_a0.25_b0.75,1000,0.825,38.132,61.749,0.924,0.585,0.3390000000000001,0.94,0.878,0.061999999999999944,0.945,0.897,0.04799999999999993,0.955,0.909,0.04599999999999993,0.12374999999999997,0.25,0.75,5
bge-m3,score_anti_rrf_c5_a0.25_b1,1000,0.899,38.085,62.278,0.926,0.444,0.48200000000000004,0.94,0.878,0.061999999999999944,0.945,0.897,0.04799999999999993,0.955,0.909,0.04599999999999993,0.15949999999999998,0.25,1.0,5
bge-m3,score_anti_rrf_c5_a0.5_b0.3,1000,0.689,38.247,61.017,0.925,0.78,0.14500000000000002,0.94,0.878,0.061999999999999944,0.945,0.897,0.04799999999999993,0.955,0.909,0.04599999999999993,0.07524999999999996,0.5,0.3,5
bge-m3,score_anti_rrf_c5_a0.5_b0.5,1000,0.756,38.168,61.242,0.929,0.735,0.19400000000000006,0.94,0.878,0.061999999999999944,0.945,0.897,0.04799999999999993,0.955,0.909,0.04599999999999993,0.08749999999999997,0.5,0.5,5
bge-m3,score_anti_rrf_c5_a0.5_b0.75,1000,0.822,38.09,61.583,0.931,0.637,0.29400000000000004,0.94,0.878,0.061999999999999944,0.945,0.897,0.04799999999999993,0.955,0.909,0.04599999999999993,0.11249999999999996,0.5,0.75,5
bge-m3,score_anti_rrf_c5_a0.5_b1,1000,0.874,38.053,61.978,0.933,0.526,0.40700000000000003,0.94,0.878,0.061999999999999944,0.945,0.897,0.04799999999999993,0.955,0.909,0.04599999999999993,0.14074999999999996,0.5,1.0,5
bge-m3,score_anti_rrf_c5_a0.75_b0.3,1000,0.701,38.216,60.991,0.93,0.795,0.135,0.94,0.878,0.061999999999999944,0.945,0.897,0.04799999999999993,0.955,0.909,0.04599999999999993,0.07274999999999995,0.75,0.3,5
bge-m3,score_anti_rrf_c5_a0.75_b0.5,1000,0.743,38.166,61.162,0.931,0.75,0.18100000000000005,0.94,0.878,0.061999999999999944,0.945,0.897,0.04799999999999993,0.955,0.909,0.04599999999999993,0.08424999999999996,0.75,0.5,5
bge-m3,score_anti_rrf_c5_a0.75_b0.75,1000,0.809,38.091,61.466,0.932,0.674,0.258,0.94,0.878,0.061999999999999944,0.945,0.897,0.04799999999999993,0.955,0.909,0.04599999999999993,0.10349999999999995,0.75,0.75,5
bge-m3,score_anti_rrf_c5_a0.75_b1,1000,0.851,38.048,61.803,0.934,0.572,0.3620000000000001,0.94,0.878,0.061999999999999944,0.945,0.897,0.04799999999999993,0.955,0.909,0.04599999999999993,0.12949999999999998,0.75,1.0,5
bge-m3,score_anti_rrf_c5_a1_b0.3,1000,0.692,38.214,60.953,0.93,0.804,0.126,0.94,0.878,0.061999999999999944,0.945,0.897,0.04799999999999993,0.955,0.909,0.04599999999999993,0.07049999999999995,1.0,0.3,5
bge-m3,score_anti_rrf_c5_a1_b0.5,1000,0.74,38.156,61.12,0.933,0.765,0.16800000000000004,0.94,0.878,0.061999999999999944,0.945,0.897,0.04799999999999993,0.955,0.909,0.04599999999999993,0.08099999999999996,1.0,0.5,5
bge-m3,score_anti_rrf_c5_a1_b0.75,1000,0.792,38.1,61.375,0.934,0.701,0.2330000000000001,0.94,0.878,0.061999999999999944,0.945,0.897,0.04799999999999993,0.955,0.909,0.04599999999999993,0.09724999999999998,1.0,0.75,5
bge-m3,score_anti_rrf_c5_a1_b1,1000,0.834,38.055,61.644,0.936,0.616,0.32000000000000006,0.94,0.878,0.061999999999999944,0.945,0.897,0.04799999999999993,0.955,0.909,0.04599999999999993,0.11899999999999997,1.0,1.0,5
bge-m3,score_anti_rrf_c10_a0_b0.3,1000,0.686,38.531,61.856,0.861,0.651,0.20999999999999996,0.913,0.75,0.16300000000000003,0.937,0.812,0.125,0.952,0.874,0.07799999999999996,0.144,0.0,0.3,10
bge-m3,score_anti_rrf_c10_a0_b0.5,1000,0.771,38.454,62.747,0.859,0.515,0.344,0.919,0.64,0.279,0.941,0.732,0.20899999999999996,0.954,0.835,0.119,0.23775,0.0,0.5,10
bge-m3,score_anti_rrf_c10_a0_b0.75,1000,0.865,38.429,64.233,0.862,0.298,0.5640000000000001,0.917,0.45,0.467,0.942,0.593,0.349,0.954,0.751,0.20299999999999996,0.39575000000000005,0.0,0.75,10
bge-m3,score_anti_rrf_c10_a0_b1,1000,0.934,38.533,66.092,0.851,0.028,0.823,0.909,0.165,0.744,0.939,0.364,0.575,0.952,0.625,0.32699999999999996,0.61725,0.0,1.0,10
bge-m3,score_anti_rrf_c10_a0.25_b0.3,1000,0.698,38.264,61.499,0.906,0.714,0.19200000000000006,0.938,0.795,0.1429999999999999,0.954,0.842,0.11199999999999999,0.956,0.891,0.06499999999999995,0.12799999999999997,0.25,0.3,10
bge-m3,score_anti_rrf_c10_a0.25_b0.5,1000,0.778,38.166,62.207,0.916,0.61,0.30600000000000005,0.944,0.712,0.23199999999999998,0.956,0.782,0.17399999999999993,0.956,0.857,0.09899999999999998,0.20274999999999999,0.25,0.5,10
bge-m3,score_anti_rrf_c10_a0.25_b0.75,1000,0.852,38.103,63.301,0.918,0.443,0.47500000000000003,0.945,0.565,0.38,0.955,0.677,0.2779999999999999,0.956,0.799,0.15699999999999992,0.3225,0.25,0.75,10
bge-m3,score_anti_rrf_c10_a0.25_b1,1000,0.922,38.099,64.694,0.92,0.225,0.6950000000000001,0.945,0.391,0.5539999999999999,0.954,0.536,0.4179999999999999,0.956,0.715,0.241,0.477,0.25,1.0,10
bge-m3,score_anti_rrf_c10_a0.5_b0.3,1000,0.699,38.172,61.319,0.93,0.745,0.18500000000000005,0.949,0.809,0.1399999999999999,0.955,0.859,0.09599999999999997,0.957,0.897,0.05999999999999994,0.12024999999999997,0.5,0.3,10
bge-m3,score_anti_rrf_c10_a0.5_b0.5,1000,0.772,38.081,61.858,0.935,0.676,0.259,0.951,0.755,0.19599999999999995,0.955,0.81,0.1449999999999999,0.957,0.871,0.08599999999999997,0.17149999999999996,0.5,0.5,10
bge-m3,score_anti_rrf_c10_a0.5_b0.75,1000,0.839,38.005,62.72,0.939,0.538,0.4009999999999999,0.951,0.655,0.29599999999999993,0.956,0.721,0.235,0.957,0.825,0.132,0.26599999999999996,0.5,0.75,10
bge-m3,score_anti_rrf_c10_a0.5_b1,1000,0.895,37.981,63.797,0.936,0.374,0.562,0.952,0.505,0.44699999999999995,0.955,0.631,0.32399999999999995,0.956,0.764,0.19199999999999995,0.3812499999999999,0.5,1.0,10
bge-m3,score_anti_rrf_c10_a0.75_b0.3,1000,0.704,38.137,61.198,0.937,0.768,0.16900000000000004,0.951,0.83,0.121,0.955,0.871,0.08399999999999996,0.957,0.901,0.05599999999999994,0.10749999999999998,0.75,0.3,10
bge-m3,score_anti_rrf_c10_a0.75_b0.5,1000,0.761,38.067,61.641,0.946,0.709,0.237,0.951,0.778,0.17299999999999993,0.955,0.825,0.13,0.957,0.885,0.07199999999999995,0.15299999999999997,0.75,0.5,10
bge-m3,score_anti_rrf_c10_a0.75_b0.75,1000,0.822,37.992,62.347,0.945,0.598,0.347,0.951,0.702,0.249,0.956,0.765,0.19099999999999995,0.957,0.844,0.11299999999999999,0.22499999999999998,0.75,0.75,10
bge-m3,score_anti_rrf_c10_a0.75_b1,1000,0.865,37.959,63.186,0.945,0.472,0.473,0.953,0.583,0.37,0.956,0.683,0.2729999999999999,0.957,0.795,0.16199999999999992,0.31949999999999995,0.75,1.0,10
bge-m3,score_anti_rrf_c10_a1_b0.3,1000,0.696,38.13,61.102,0.946,0.784,0.16199999999999992,0.951,0.841,0.10999999999999999,0.956,0.881,0.07499999999999996,0.957,0.902,0.05499999999999994,0.10049999999999995,1.0,0.3,10
bge-m3,score_anti_rrf_c10_a1_b0.5,1000,0.747,38.076,61.501,0.945,0.728,0.21699999999999997,0.951,0.795,0.15599999999999992,0.956,0.843,0.11299999999999999,0.957,0.889,0.06799999999999995,0.13849999999999996,1.0,0.5,10
bge-m3,score_anti_rrf_c10_a1_b0.75,1000,0.802,38.006,62.106,0.947,0.643,0.30399999999999994,0.952,0.734,0.21799999999999997,0.957,0.785,0.17199999999999993,0.957,0.852,0.10499999999999998,0.19974999999999996,1.0,0.75,10
bge-m3,score_anti_rrf_c10_a1_b1,1000,0.841,37.964,62.791,0.946,0.532,0.4139999999999999,0.953,0.636,0.31699999999999995,0.957,0.72,0.237,0.957,0.812,0.1449999999999999,0.27824999999999994,1.0,1.0,10
bge-m3,score_anti_rrf_c20_a0_b0.3,1000,0.701,38.821,63.152,0.831,0.607,0.22399999999999998,0.884,0.685,0.19899999999999995,0.911,0.731,0.18000000000000005,0.93,0.767,0.16300000000000003,0.1915,0.0,0.3,20
bge-m3,score_anti_rrf_c20_a0_b0.5,1000,0.786,38.758,65.226,0.828,0.44,0.38799999999999996,0.887,0.535,0.352,0.915,0.604,0.31100000000000005,0.933,0.646,0.28700000000000003,0.3345,0.0,0.5,20
bge-m3,score_anti_rrf_c20_a0_b0.75,1000,0.885,38.812,68.752,0.815,0.173,0.6419999999999999,0.871,0.274,0.597,0.908,0.368,0.54,0.929,0.453,0.47600000000000003,0.56375,0.0,0.75,20
bge-m3,score_anti_rrf_c20_a0_b1,1000,0.947,39.15,73.268,0.773,0.006,0.767,0.849,0.024,0.825,0.888,0.053,0.835,0.91,0.103,0.807,0.8085,0.0,1.0,20
bge-m3,score_anti_rrf_c20_a0.25_b0.3,1000,0.713,38.231,62.232,0.909,0.686,0.22299999999999998,0.937,0.759,0.17800000000000005,0.951,0.792,0.15899999999999992,0.959,0.83,0.129,0.17225,0.25,0.3,20
bge-m3,score_anti_rrf_c20_a0.25_b0.5,1000,0.788,38.123,63.787,0.917,0.558,0.359,0.94,0.645,0.29499999999999993,0.953,0.694,0.259,0.959,0.736,0.22299999999999998,0.284,0.25,0.5,20
bge-m3,score_anti_rrf_c20_a0.25_b0.75,1000,0.877,38.07,66.366,0.916,0.374,0.542,0.941,0.465,0.4759999999999999,0.951,0.531,0.41999999999999993,0.96,0.585,0.375,0.45325,0.25,0.75,20
bge-m3,score_anti_rrf_c20_a0.25_b1,1000,0.944,38.148,69.719,0.898,0.137,0.761,0.928,0.234,0.6940000000000001,0.95,0.318,0.6319999999999999,0.958,0.369,0.589,0.6689999999999999,0.25,1.0,20
bge-m3,score_anti_rrf_c20_a0.5_b0.3,1000,0.708,38.061,61.722,0.941,0.732,0.20899999999999996,0.954,0.793,0.16099999999999992,0.961,0.833,0.128,0.964,0.86,0.10399999999999998,0.15049999999999997,0.5,0.3,20
bge-m3,score_anti_rrf_c20_a0.5_b0.5,1000,0.783,37.968,62.921,0.942,0.638,0.30399999999999994,0.958,0.713,0.245,0.963,0.758,0.20499999999999996,0.965,0.79,0.17499999999999993,0.23224999999999996,0.5,0.5,20
bge-m3,score_anti_rrf_c20_a0.5_b0.75,1000,0.855,37.899,64.915,0.942,0.488,0.45399999999999996,0.958,0.565,0.393,0.962,0.625,0.33699999999999997,0.966,0.677,0.2889999999999999,0.36824999999999997,0.5,0.75,20
bge-m3,score_anti_rrf_c20_a0.5_b1,1000,0.915,37.88,67.407,0.94,0.322,0.6179999999999999,0.953,0.403,0.5499999999999999,0.961,0.459,0.502,0.965,0.504,0.46099999999999997,0.53275,0.5,1.0,20
bge-m3,score_anti_rrf_c20_a0.75_b0.3,1000,0.707,38.015,61.433,0.946,0.763,0.18299999999999994,0.96,0.82,0.14,0.962,0.855,0.10699999999999998,0.966,0.88,0.08599999999999997,0.12899999999999998,0.75,0.3,20
bge-m3,score_anti_rrf_c20_a0.75_b0.5,1000,0.766,37.942,62.417,0.952,0.689,0.263,0.96,0.749,0.21099999999999997,0.963,0.791,0.17199999999999993,0.966,0.814,0.15200000000000002,0.19949999999999998,0.75,0.5,20
bge-m3,score_anti_rrf_c20_a0.75_b0.75,1000,0.831,37.859,63.999,0.955,0.559,0.3959999999999999,0.96,0.639,0.32099999999999995,0.965,0.69,0.275,0.967,0.728,0.239,0.30774999999999997,0.75,0.75,20
bge-m3,score_anti_rrf_c20_a0.75_b1,1000,0.884,37.819,65.98,0.951,0.421,0.53,0.961,0.492,0.469,0.964,0.55,0.4139999999999999,0.965,0.606,0.359,0.44299999999999995,0.75,1.0,20
bge-m3,score_anti_rrf_c20_a1_b0.3,1000,0.702,38.007,61.27,0.952,0.779,0.17299999999999993,0.959,0.83,0.129,0.964,0.867,0.09699999999999998,0.966,0.893,0.07299999999999995,0.11799999999999997,1.0,0.3,20
bge-m3,score_anti_rrf_c20_a1_b0.5,1000,0.752,37.943,62.055,0.955,0.717,0.238,0.959,0.776,0.18299999999999994,0.965,0.813,0.15200000000000002,0.966,0.834,0.132,0.17625,1.0,0.5,20
bge-m3,score_anti_rrf_c20_a1_b0.75,1000,0.806,37.873,63.391,0.957,0.606,0.351,0.961,0.691,0.27,0.964,0.741,0.22299999999999998,0.967,0.767,0.19999999999999996,0.261,1.0,0.75,20
bge-m3,score_anti_rrf_c20_a1_b1,1000,0.858,37.813,65.008,0.956,0.489,0.46699999999999997,0.963,0.576,0.387,0.964,0.623,0.34099999999999997,0.966,0.673,0.2929999999999999,0.37199999999999994,1.0,1.0,20
bge-m3,score_anti_rrf_call_a0_b0.3,1000,0.759,226.638,2291.653,0.734,0.376,0.358,0.763,0.435,0.328,0.783,0.466,0.317,0.799,0.486,0.31300000000000006,0.32899999999999996,0.0,0.3,all
bge-m3,score_anti_rrf_call_a0_b0.5,1000,0.887,403.853,9347.16,0.673,0.112,0.561,0.709,0.147,0.5619999999999999,0.734,0.17,0.564,0.748,0.187,0.5609999999999999,0.5619999999999999,0.0,0.5,all
bge-m3,score_anti_rrf_call_a0_b0.75,1000,0.966,1157.215,32215.421,0.53,0.0,0.53,0.567,0.001,0.566,0.59,0.002,0.588,0.61,0.002,0.608,0.5730000000000001,0.0,0.75,all
bge-m3,score_anti_rrf_call_a0_b1,1000,0.989,3777.716,72372.75,0.361,0.0,0.361,0.387,0.0,0.387,0.409,0.0,0.409,0.427,0.0,0.427,0.396,0.0,1.0,all
bge-m3,score_anti_rrf_call_a0.25_b0.3,1000,0.765,31.766,696.388,0.857,0.512,0.345,0.888,0.569,0.31900000000000006,0.9,0.605,0.29500000000000004,0.906,0.624,0.28200000000000003,0.31025,0.25,0.3,all
bge-m3,score_anti_rrf_call_a0.25_b0.5,1000,0.875,51.502,3375.983,0.835,0.271,0.564,0.866,0.321,0.5449999999999999,0.882,0.358,0.524,0.893,0.385,0.508,0.53525,0.25,0.5,all
bge-m3,score_anti_rrf_call_a0.25_b0.75,1000,0.962,139.934,14426.934,0.767,0.037,0.73,0.802,0.056,0.746,0.827,0.065,0.762,0.838,0.078,0.76,0.7495,0.25,0.75,all
bge-m3,score_anti_rrf_call_a0.25_b1,1000,0.992,561.192,39801.61,0.622,0.0,0.622,0.666,0.0,0.666,0.683,0.0,0.683,0.7,0.0,0.7,0.6677500000000001,0.25,1.0,all
bge-m3,score_anti_rrf_call_a0.5_b0.3,1000,0.755,6.452,266.51,0.921,0.599,0.32200000000000006,0.937,0.657,0.28,0.95,0.68,0.2699999999999999,0.96,0.695,0.265,0.28425,0.5,0.3,all
bge-m3,score_anti_rrf_call_a0.5_b0.5,1000,0.859,8.652,1353.19,0.915,0.406,0.509,0.93,0.449,0.48100000000000004,0.947,0.48,0.46699999999999997,0.952,0.508,0.44399999999999995,0.47524999999999995,0.5,0.5,all
bge-m3,score_anti_rrf_call_a0.5_b0.75,1000,0.949,20.847,6445.042,0.889,0.142,0.747,0.916,0.179,0.7370000000000001,0.927,0.213,0.7140000000000001,0.933,0.222,0.7110000000000001,0.72725,0.5,0.75,all
bge-m3,score_anti_rrf_call_a0.5_b1,1000,0.988,79.35,20479.928,0.827,0.008,0.819,0.855,0.011,0.844,0.868,0.015,0.853,0.88,0.019,0.861,0.84425,0.5,1.0,all
bge-m3,score_anti_rrf_call_a0.75_b0.3,1000,0.756,2.783,132.803,0.945,0.659,0.2859999999999999,0.964,0.71,0.254,0.974,0.748,0.22599999999999998,0.981,0.762,0.21899999999999997,0.24624999999999997,0.75,0.3,all
bge-m3,score_anti_rrf_call_a0.75_b0.5,1000,0.838,2.873,642.614,0.949,0.483,0.46599999999999997,0.967,0.539,0.42799999999999994,0.971,0.574,0.397,0.977,0.601,0.376,0.41674999999999995,0.75,0.5,all
bge-m3,score_anti_rrf_call_a0.75_b0.75,1000,0.93,4.216,3129.336,0.946,0.265,0.6809999999999999,0.955,0.324,0.631,0.96,0.347,0.613,0.961,0.366,0.595,0.6299999999999999,0.75,0.75,all
bge-m3,score_anti_rrf_call_a0.75_b1,1000,0.979,12.999,10575.434,0.913,0.061,0.8520000000000001,0.931,0.087,0.8440000000000001,0.94,0.11,0.83,0.945,0.12,0.825,0.83775,0.75,1.0,all
bge-m3,score_anti_rrf_call_a1_b0.3,1000,0.746,2.186,83.945,0.965,0.702,0.263,0.98,0.757,0.22299999999999998,0.982,0.786,0.19599999999999995,0.983,0.806,0.17699999999999994,0.21474999999999997,1.0,0.3,all
bge-m3,score_anti_rrf_call_a1_b0.5,1000,0.823,2.057,359.698,0.965,0.541,0.42399999999999993,0.978,0.602,0.376,0.98,0.64,0.33999999999999997,0.981,0.662,0.31899999999999995,0.36474999999999996,1.0,0.5,all
bge-m3,score_anti_rrf_call_a1_b0.75,1000,0.904,2.246,1683.503,0.963,0.353,0.61,0.967,0.411,0.556,0.973,0.448,0.5249999999999999,0.975,0.456,0.5189999999999999,0.5525,1.0,0.75,all
bge-m3,score_anti_rrf_call_a1_b1,1000,0.96,3.67,5785.514,0.95,0.151,0.7989999999999999,0.962,0.194,0.768,0.966,0.223,0.743,0.968,0.241,0.727,0.75925,1.0,1.0,all
